{
  "project_info": {
    "project_number": "220670178134",
    "project_id": "fir-tassi",
    "storage_bucket": "fir-tassi.firebasestorage.app"
  },
  "client": [
    {
      "client_info": {
        "mobilesdk_app_id": "1:220670178134:android:9b0e83dd584dc692285cf7",
        "android_client_info": {
          "package_name": "com.example.projeto_tassi"
        }
      },
      "oauth_client": [],
      "api_key": [
        {
          "current_key": "AIzaSyAizqxX0WhyWIFvG9bz7l84k3_JdlxXK08"
        }
      ],
      "services": {
        "appinvite_service": {
          "other_platform_oauth_client": []
        }
      }
    }
  ],
  "configuration_version": "1"
}